<?xml version="1.0"?>
<modification>
	<name>switch currency with language</name>
	<code>switch_currency_with_language</code>
	<version>3.0.1</version>
	<author>slasoft</author>
	
	<file path="catalog/controller/common/language.php">		
		<operation>
			<search><![CDATA[$this->session->data['language'] = $this->request->post['code'];]]></search>
			<add position="before"><![CDATA[
			$this->session->data['language'] = $this->request->post['code'];
			$config_currency_languge = $this->config->get('slasoft_currency_with_language');
			if ($config_currency_languge) {
				if (isset($config_currency_languge[$this->request->post['code']]) && $config_currency_languge[$this->request->post['code']]) {
//					$this->currency->set($config_currency_languge[$this->request->post['code']]);
					$this->session->data['currency'] = $config_currency_languge[$this->request->post['code']];
				}
			}
			]]></add>
		</operation>
	</file>
</modification>